0.6	0.0001	30	1888.30421165	0.164756262547
0.6	0.0001	31	1911.04088758	0.158868316706
0.6	0.0001	32	1905.58862013	0.0781939429976
0.6	0.0001	33	1876.47380695	0.135180818374
0.6	0.0001	34	1958.2640149	0.101144903274
0.6	0.0001	35	2007.11742549	0.188317608924
0.6	0.0001	36	2005.27158184	0.204342149499
0.6	0.0001	37	2073.88807395	0.196026252959
0.6	0.0001	38	2065.17305783	0.216856764751
0.6	0.0001	39	2208.38439317	0.214705696062
0.6	0.0001	40	2149.22105385	0.28464602669
0.6	0.0001	41	2176.23482657	0.295582796943
0.6	0.0001	42	2215.58525495	0.382623607817
0.6	0.0001	43	2185.67801194	0.358235062239
0.6	0.0001	44	2252.28252694	0.459513567576
0.6	0.0001	45	2322.80958709	0.461829612497
0.6	0.0001	46	2331.55944065	0.353169044249
0.6	0.0001	47	2361.2891283	0.507090997257
0.6	0.0001	48	2349.2314365	0.542387482406
0.6	0.0001	49	2400.5623197	0.579623759732
0.6	0.0001	50	2452.80203762	0.665737642943
0.6	0.0001	51	2525.03435076	0.530819817007
0.6	0.0001	52	2571.66454069	0.640517088654
0.6	0.0001	53	2589.68836945	0.676560431363
0.6	0.0001	54	2641.99824439	0.673200922517
0.6	0.0001	55	2641.55387252	0.700166446363
0.6	0.0001	56	2695.61953494	0.793979319109
0.6	0.0001	57	2673.99526452	0.776133866322
0.6	0.0001	58	2655.59278726	0.781274490485
0.6	0.0001	59	2764.5648869	0.839454710711
0.6	0.0001	60	2729.87399967	0.827269688415
0.6	0.0002	30	1837.59106133	0.123463082345
0.6	0.0002	31	1855.1996303	0.181342373934
0.6	0.0002	32	1770.15931245	0.100848028933
0.6	0.0002	33	1882.90637763	0.0992716892244
0.6	0.0002	34	1894.5413632	0.112616853426
0.6	0.0002	35	1884.13055762	0.131140680218
0.6	0.0002	36	1966.2004936	0.206834027758
0.6	0.0002	37	1978.85112691	0.138890612171
0.6	0.0002	38	2046.45551747	0.200137938424
0.6	0.0002	39	2274.54119386	0.0886632600591
0.6	0.0002	40	2195.62407421	0.187851021715
0.6	0.0002	41	2189.59494274	0.278825958703
0.6	0.0002	42	2283.00175883	0.218472491874
0.6	0.0002	43	2243.67858641	0.43103509407
0.6	0.0002	44	2263.71603243	0.381699162056
0.6	0.0002	45	2305.84973696	0.286493420712
0.6	0.0002	46	2346.72231985	0.382047664507
0.6	0.0002	47	2318.1452315	0.416291120349
0.6	0.0002	48	2386.54421225	0.434074130692
0.6	0.0002	49	2336.73481541	0.505525586758
0.6	0.0002	50	2456.64106619	0.549721916151
0.6	0.0002	51	2427.60157211	0.550684146076
0.6	0.0002	52	2462.01294669	0.619760052548
0.6	0.0002	53	2517.00175577	0.673472579344
0.6	0.0002	54	2574.05119925	0.719136752402
0.6	0.0002	55	2593.50292871	0.621318595711
0.6	0.0002	56	2652.94967316	0.673889155395
0.6	0.0002	57	2686.41138721	0.738137652945
0.6	0.0002	58	2686.39740382	0.721530356716
0.6	0.0002	59	2791.69955102	0.852551880005
0.6	0.0002	60	2758.44766307	0.886136544364
0.6	0.0003	30	1861.0490902	0.133750958184
0.6	0.0003	31	1851.62547545	0.224636288908
0.6	0.0003	32	1829.00095371	0.107589514056
0.6	0.0003	33	1867.32096161	0.0787886768185
0.6	0.0003	34	1889.05635061	0.115452274236
0.6	0.0003	35	1904.162436	0.082913870831
0.6	0.0003	36	1965.71546761	0.0707367740793
0.6	0.0003	37	1972.69967917	0.197555752604
0.6	0.0003	38	1978.89845454	0.228493047194
0.6	0.0003	39	2064.19949986	0.24397298301
0.6	0.0003	40	2144.99441416	0.269330917885
0.6	0.0003	41	2235.88646284	0.215272828219
0.6	0.0003	42	2204.15957135	0.326070585089
0.6	0.0003	43	2233.01412376	0.271978050676
0.6	0.0003	44	2184.39684008	0.366240276
0.6	0.0003	45	2289.36158927	0.290863509062
0.6	0.0003	46	2333.48954999	0.340261612647
0.6	0.0003	47	2360.36929539	0.352151824038
0.6	0.0003	48	2337.01589097	0.470271737065
0.6	0.0003	49	2354.91711745	0.549594897582
0.6	0.0003	50	2413.45220036	0.572307608114
0.6	0.0003	51	2469.24491239	0.596671572544
0.6	0.0003	52	2484.30954023	0.62127970252
0.6	0.0003	53	2494.4001763	0.646543679321
0.6	0.0003	54	2474.90176519	0.570734110686
0.6	0.0003	55	2687.62320551	0.614438689664
0.6	0.0003	56	2938.70083821	0.597849711185
0.6	0.0003	57	3510.07088275	0.590292611884
0.6	0.0003	58	2658.77025898	0.825441477963
0.6	0.0003	59	2724.63644155	0.853052058263
0.6	0.0003	60	2755.67329666	0.918099495525
0.6	0.0004	30	1908.35522012	0.1143465031
0.6	0.0004	31	1787.71822775	0.136052556616
0.6	0.0004	32	1833.35045997	0.283006216683
0.6	0.0004	33	1841.93974997	0.114702460189
0.6	0.0004	34	1890.5208802	0.0942102571194
0.6	0.0004	35	1924.93682386	0.1112318936
0.6	0.0004	36	1951.02038725	0.148157560478
0.6	0.0004	37	1970.71584366	0.161151493149
0.6	0.0004	38	1952.4521651	0.175902086286
0.6	0.0004	39	2038.70571119	0.188461894291
0.6	0.0004	40	2032.18722308	0.205891247165
0.6	0.0004	41	2098.97280184	0.178994333859
0.6	0.0004	42	2171.90726672	0.254577080517
0.6	0.0004	43	2208.4106135	0.217385052672
0.6	0.0004	44	2223.65702162	0.206348810893
0.6	0.0004	45	2203.16942809	0.272155163895
0.6	0.0004	46	2221.02937401	0.368367578994
0.6	0.0004	47	2263.1942227	0.462488754577
0.6	0.0004	48	2301.02669261	0.454985367857
0.6	0.0004	49	2315.0763739	0.453769148555
0.6	0.0004	50	2389.45403312	0.501332394099
0.6	0.0004	51	2445.95353426	0.489170666681
0.6	0.0004	52	2502.38340286	0.53911724774
0.6	0.0004	53	2518.09087938	0.556218712128
0.6	0.0004	54	2526.58813812	0.635825446784
0.6	0.0004	55	2534.78320219	0.532632018844
0.6	0.0004	56	2547.32179316	0.692699764493
0.6	0.0004	57	2633.40127961	0.679011329642
0.6	0.0004	58	2614.01217803	0.731628313364
0.6	0.0004	59	2604.89886873	0.764202240878
0.6	0.0004	60	2645.4960428	0.744074029119
0.6	0.0005	30	1751.09561989	0.109663501191
0.6	0.0005	31	1817.91475611	0.112699147823
0.6	0.0005	32	1836.88551519	0.0343242669463
0.6	0.0005	33	1859.34665583	0.149338682661
0.6	0.0005	34	1928.16222548	0.100893438309
0.6	0.0005	35	1882.3955838	0.0867392390973
0.6	0.0005	36	1892.41317485	0.181655086287
0.6	0.0005	37	1976.68006889	0.0683616986617
0.6	0.0005	38	1992.25158803	0.0794572641634
0.6	0.0005	39	1978.80409149	0.155376941115
0.6	0.0005	40	2090.44141978	0.144032641672
0.6	0.0005	41	2057.20367478	0.248134152681
0.6	0.0005	42	2096.96377112	0.305058687319
0.6	0.0005	43	2194.23903094	0.228934758305
0.6	0.0005	44	2141.51619879	0.368809858373
0.6	0.0005	45	2196.84975189	0.300712633502
0.6	0.0005	46	2230.67227156	0.430479156199
0.6	0.0005	47	2302.73510497	0.366783941912
0.6	0.0005	48	2327.16537194	0.35067964796
0.6	0.0005	49	2334.63003279	0.487022943945
0.6	0.0005	50	2350.53056897	0.501712866106
0.6	0.0005	51	2412.44236826	0.522747093282
0.6	0.0005	52	2411.37441271	0.523325456175
0.6	0.0005	53	2420.03987906	0.554235154285
0.6	0.0005	54	2463.87842591	0.551522702882
0.6	0.0005	55	2511.02017678	0.646909909935
0.6	0.0005	56	2511.06901681	0.650498773549
0.6	0.0005	57	2545.72833799	0.788968633359
0.6	0.0005	58	2542.89789807	0.650742403241
0.6	0.0005	59	2616.3324512	0.780136831279
0.6	0.0005	60	2608.99385746	0.798512145163
0.6	0.0006	30	1764.29264713	0.157092008674
0.6	0.0006	31	1744.38439527	0.0873594035389
0.6	0.0006	32	1812.82282178	0.134186720868
0.6	0.0006	33	1851.05797813	0.161097322353
0.6	0.0006	34	1905.43502059	0.189732254372
0.6	0.0006	35	1875.53311714	0.0943144678117
0.6	0.0006	36	1914.59364763	0.0889224197593
0.6	0.0006	37	1909.19006031	0.110276280698
0.6	0.0006	38	1972.83416839	0.138993656057
0.6	0.0006	39	1991.49143885	0.17975114478
0.6	0.0006	40	2020.01618984	0.0998012023175
0.6	0.0006	41	2085.66495794	0.172629737152
0.6	0.0006	42	2029.79613385	0.211368863449
0.6	0.0006	43	2097.96355442	0.278191346871
0.6	0.0006	44	2141.63968915	0.311336000066
0.6	0.0006	45	2213.49877002	0.33236499048
0.6	0.0006	46	2198.08911405	0.324329825948
0.6	0.0006	47	2222.39500005	0.380773564032
0.6	0.0006	48	2278.23981359	0.33403755494
0.6	0.0006	49	2273.60890412	0.448104619086
0.6	0.0006	50	2334.46938159	0.495016514475
0.6	0.0006	51	2351.58663809	0.441474251228
0.6	0.0006	52	2354.43562177	0.489999187068
0.6	0.0006	53	2464.80066971	0.579648357613
0.6	0.0006	54	2480.48083108	0.589964104021
0.6	0.0006	55	2503.30003754	0.604660390699
0.6	0.0006	56	2498.25112592	0.634809240723
0.6	0.0006	57	2517.15149638	0.62277009912
0.6	0.0006	58	2542.52446613	0.630475983192
0.6	0.0006	59	2639.94803477	0.712525574
0.6	0.0006	60	2612.11974204	0.71417251225
0.6	0.0007	30	1684.51750672	0.0794782885916
0.6	0.0007	31	1688.76338341	0.138809441149
0.6	0.0007	32	1717.90782764	0.138417431427
0.6	0.0007	33	1788.00019038	0.121174110177
0.6	0.0007	34	1848.40425304	0.198045402882
0.6	0.0007	35	1801.95004923	0.0622675310931
0.6	0.0007	36	1883.33806085	0.14303143302
0.6	0.0007	37	1919.58227854	0.0468928161784
0.6	0.0007	38	1940.22223387	0.202826633757
0.6	0.0007	39	2086.17433171	0.168652620478
0.6	0.0007	40	1985.70156169	0.218413151859
0.6	0.0007	41	2068.02802724	0.152859118924
0.6	0.0007	42	2002.78925517	0.23081963378
0.6	0.0007	43	2097.02062633	0.243095837162
0.6	0.0007	44	2138.08672489	0.297647939199
0.6	0.0007	45	2121.78032834	0.277661954046
0.6	0.0007	46	2146.13922567	0.315233679495
0.6	0.0007	47	2209.18601431	0.363979962487
0.6	0.0007	48	2239.95542489	0.266953683628
0.6	0.0007	49	2284.20141782	0.357084912969
0.6	0.0007	50	2296.27223329	0.427571754418
0.6	0.0007	51	2303.19610377	0.507780757882
0.6	0.0007	52	2352.51375171	0.51892682214
0.6	0.0007	53	2407.99179833	0.433878247347
0.6	0.0007	54	2427.01495929	0.530563553046
0.6	0.0007	55	2447.15858799	0.610009329841
0.6	0.0007	56	2482.25689912	0.610216968426
0.6	0.0007	57	2485.05106018	0.582434615952
0.6	0.0007	58	2562.4999297	0.613367836861
0.6	0.0007	59	2533.53608601	0.620415992866
0.6	0.0007	60	2604.8129357	0.691935212871
0.6	0.0008	30	1682.10392409	0.0997376788438
0.6	0.0008	31	1684.2184238	0.0718372024443
0.6	0.0008	32	1681.86106628	0.0764073922261
0.6	0.0008	33	1725.32716038	0.0996143515634
0.6	0.0008	34	1793.94552057	0.14116705271
0.6	0.0008	35	1793.89852255	0.0993598393567
0.6	0.0008	36	1803.0456717	0.0847103456262
0.6	0.0008	37	1859.74556828	0.126163562658
0.6	0.0008	38	1896.45570522	0.0822130552676
0.6	0.0008	39	1932.98589951	0.186175008454
0.6	0.0008	40	1966.20076046	0.163846685768
0.6	0.0008	41	1925.47454432	0.153373955162
0.6	0.0008	42	2099.6000861	0.189658876797
0.6	0.0008	43	2061.80328805	0.187039688305
0.6	0.0008	44	2068.90532422	0.264938616419
0.6	0.0008	45	2133.16398956	0.259042213148
0.6	0.0008	46	2144.45618573	0.299819622298
0.6	0.0008	47	2179.60910033	0.178607494718
0.6	0.0008	48	2202.57861031	0.309983917309
0.6	0.0008	49	2201.94506111	0.318777255342
0.6	0.0008	50	2251.84827539	0.309807496206
0.6	0.0008	51	2279.31493178	0.414727309592
0.6	0.0008	52	2346.15284924	0.36358893913
0.6	0.0008	53	2303.12226133	0.499721050101
0.6	0.0008	54	2379.54749329	0.512006035701
0.6	0.0008	55	2424.97855521	0.609862476797
0.6	0.0008	56	2508.38189145	0.534637128691
0.6	0.0008	57	2486.64338542	0.513687503754
0.6	0.0008	58	2462.99822917	0.59872360319
0.6	0.0008	59	2577.18049614	0.653187213723
0.6	0.0008	60	2537.14552609	0.751316505305
0.6	0.0009	30	1756.74036208	0.125692795359
0.6	0.0009	31	1670.42897649	0.147244789446
0.6	0.0009	32	1716.75024242	0.220723665688
0.6	0.0009	33	1765.87697873	0.138940859199
0.6	0.0009	34	1709.5800907	0.0449562891694
0.6	0.0009	35	1863.97833211	0.161032534248
0.6	0.0009	36	1809.69163576	0.111447882735
0.6	0.0009	37	1811.4201858	0.0500939115563
0.6	0.0009	38	1861.28849972	0.169290226328
0.6	0.0009	39	1928.04816583	0.184614612289
0.6	0.0009	40	1913.63570023	0.159296735443
0.6	0.0009	41	1960.82156935	0.145643596449
0.6	0.0009	42	2041.2963755	0.179218175366
0.6	0.0009	43	2119.41046409	0.224227158793
0.6	0.0009	44	2148.86541265	0.146512543792
0.6	0.0009	45	2022.91750726	0.237167242218
0.6	0.0009	46	2140.86470258	0.314608865691
0.6	0.0009	47	2182.19383925	0.331497622336
0.6	0.0009	48	2218.39951657	0.266557925318
0.6	0.0009	49	2194.12073766	0.320808649376
0.6	0.0009	50	2214.98349783	0.330913120886
0.6	0.0009	51	2257.9538525	0.375945065481
0.6	0.0009	52	2252.99199109	0.404788085138
0.6	0.0009	53	2321.49225669	0.545112823109
0.6	0.0009	54	2347.53037929	0.448920183638
0.6	0.0009	55	2371.05856332	0.537391100612
0.6	0.0009	56	2416.3845251	0.432163528246
0.6	0.0009	57	2405.77947779	0.568123382066
0.6	0.0009	58	2543.84933424	0.517952294908
0.6	0.0009	59	2477.97987377	0.60775333193
0.6	0.0009	60	2554.17113301	0.645708002514
0.6	0.001	30	1734.891067	0.268257388206
0.6	0.001	31	1621.0822667	0.081992688768
0.6	0.001	32	1658.95946879	0.0501588225638
0.6	0.001	33	1634.86746179	0.0510111196501
0.6	0.001	34	1642.86230886	0.0693208639886
0.6	0.001	35	1721.73101202	0.117649231846
0.6	0.001	36	1771.91314184	0.119551872487
0.6	0.001	37	1835.80890463	0.113509415909
0.6	0.001	38	1900.5447532	0.072633071265
0.6	0.001	39	1920.55754483	0.151154656693
0.6	0.001	40	1931.30998214	0.18171481158
0.6	0.001	41	1969.04002859	0.137492125181
0.6	0.001	42	1978.85755492	0.176099843094
0.6	0.001	43	2039.9672153	0.16331631068
0.6	0.001	44	1993.62330125	0.15372129133
0.6	0.001	45	2088.14932725	0.18961332058
0.6	0.001	46	2112.99985305	0.124265058068
0.6	0.001	47	2131.14898771	0.309932073514
0.6	0.001	48	2127.37017736	0.283198179407
0.6	0.001	49	2171.40891699	0.335821223736
0.6	0.001	50	2211.13245469	0.419635545511
0.6	0.001	51	2198.20983837	0.330237518912
0.6	0.001	52	2256.30991512	0.406966920285
0.6	0.001	53	2282.95676407	0.469077861191
0.6	0.001	54	2314.65531373	0.453483763513
0.6	0.001	55	2337.52649287	0.441581973481
0.6	0.001	56	2338.05262662	0.446860691109
0.6	0.001	57	2370.79610803	0.567840118064
0.6	0.001	58	2435.79275055	0.623391255998
0.6	0.001	59	2462.04370706	0.637457822808
0.6	0.001	60	2499.46022852	0.643075156723
0.6	0.0011	30	1617.24275784	0.155024687983
0.6	0.0011	31	1676.47412888	0.0937090360212
0.6	0.0011	32	1678.89988961	0.0359786376602
0.6	0.0011	33	1690.7286247	0.102579371094
0.6	0.0011	34	1657.07900112	0.120416503297
0.6	0.0011	35	1650.10395121	0.0591128457113
0.6	0.0011	36	1748.88762863	0.0497347080786
0.6	0.0011	37	1744.10845283	0.137612494043
0.6	0.0011	38	1789.96547121	0.116748323097
0.6	0.0011	39	1882.41494163	0.108510370477
0.6	0.0011	40	1894.37969326	0.125400202084
0.6	0.0011	41	1938.43543629	0.0981535825295
0.6	0.0011	42	1988.92965022	0.0932703687338
0.6	0.0011	43	1937.65067605	0.253290874955
0.6	0.0011	44	2045.86039568	0.179858471359
0.6	0.0011	45	2047.88200061	0.252725455815
0.6	0.0011	46	2113.89061184	0.197230710852
0.6	0.0011	47	2099.04203368	0.303668706153
0.6	0.0011	48	2158.34884892	0.216849109645
0.6	0.0011	49	2163.1603718	0.31759887658
0.6	0.0011	50	2153.30451128	0.348410546459
0.6	0.0011	51	2210.47420469	0.355672491228
0.6	0.0011	52	2205.24327688	0.341920021039
0.6	0.0011	53	2226.42420194	0.415445870989
0.6	0.0011	54	2286.34925937	0.495693296792
0.6	0.0011	55	2230.61298075	0.508394939093
0.6	0.0011	56	2407.31872186	0.551443665199
0.6	0.0011	57	2412.79420851	0.497961001618
0.6	0.0011	58	2508.64264612	0.585038574602
0.6	0.0011	59	2463.67517816	0.612273417446
0.6	0.0011	60	2446.28251876	0.533505805489
0.6	0.0012	30	1583.37814537	0.182311354136
0.6	0.0012	31	1681.86351634	0.14009272028
0.6	0.0012	32	1563.06805517	0.0806832713387
0.6	0.0012	33	1641.5446643	0.0909494436073
0.6	0.0012	34	1654.85903513	0.0720815223577
0.6	0.0012	35	1703.74729259	0.0678300103228
0.6	0.0012	36	1695.37731952	0.0925086154374
0.6	0.0012	37	1755.84295611	0.0626158275768
0.6	0.0012	38	1787.97657812	0.071249183385
0.6	0.0012	39	1889.26181801	0.146508448301
0.6	0.0012	40	1831.38270229	0.0963707658239
0.6	0.0012	41	1895.82352978	0.107058960317
0.6	0.0012	42	1912.72788398	0.0935713124836
0.6	0.0012	43	2012.08110325	0.122423938239
0.6	0.0012	44	2022.71732436	0.109217659057
0.6	0.0012	45	2102.6168563	0.154518378298
0.6	0.0012	46	2063.66477549	0.206806870422
0.6	0.0012	47	2126.38255348	0.183467138764
0.6	0.0012	48	2149.53703574	0.268492461075
0.6	0.0012	49	2128.08727938	0.248740444721
0.6	0.0012	50	2223.3663311	0.335880205351
0.6	0.0012	51	2191.56967959	0.326877611805
0.6	0.0012	52	2189.66458328	0.273789075087
0.6	0.0012	53	2245.10845684	0.415894312439
0.6	0.0012	54	2248.5741879	0.406689891944
0.6	0.0012	55	2313.62105402	0.45282099149
0.6	0.0012	56	2310.97065827	0.466047241031
0.6	0.0012	57	2328.38024573	0.569324452876
0.6	0.0012	58	2385.13617611	0.504258811623
0.6	0.0012	59	2421.12728331	0.479178042328
0.6	0.0012	60	2527.3390778	0.633532953278
0.6	0.0013	30	1665.1003645	0.194807902783
0.6	0.0013	31	1595.67069893	0.145777150254
0.6	0.0013	32	1599.64614891	0.115265469693
0.6	0.0013	33	1626.33178341	0.109712142474
0.6	0.0013	34	1639.76275403	0.0497172446601
0.6	0.0013	35	1685.35408649	0.107696777263
0.6	0.0013	36	1729.34155698	0.0779044996279
0.6	0.0013	37	1725.87912007	0.123027530713
0.6	0.0013	38	1786.4707438	0.0821813957627
0.6	0.0013	39	1801.18677297	0.119770881035
0.6	0.0013	40	1840.76896663	0.0796212735291
0.6	0.0013	41	1862.67114568	0.0993423031629
0.6	0.0013	42	1859.2136971	0.0524199910503
0.6	0.0013	43	1912.84503239	0.130166749054
0.6	0.0013	44	1910.00808935	0.170133127981
0.6	0.0013	45	2015.13009281	0.188287291572
0.6	0.0013	46	2050.72561624	0.208517199222
0.6	0.0013	47	2124.20119795	0.234614151382
0.6	0.0013	48	2200.2443138	0.26280110357
0.6	0.0013	49	2095.70263262	0.185651463753
0.6	0.0013	50	2150.11809124	0.276285351542
0.6	0.0013	51	2223.81629902	0.225012298008
0.6	0.0013	52	2142.02281684	0.321562374568
0.6	0.0013	53	2224.57652721	0.429047370736
0.6	0.0013	54	2273.35574963	0.413286914077
0.6	0.0013	55	2316.49468792	0.361422606703
0.6	0.0013	56	2292.29177673	0.47615461961
0.6	0.0013	57	2325.38408975	0.468215968471
0.6	0.0013	58	2379.39685856	0.40958034559
0.6	0.0013	59	2346.51300299	0.536928652696
0.6	0.0013	60	2376.70518715	0.580628318911
0.6	0.0014	30	1784.68751055	0.238175197971
0.6	0.0014	31	1505.94415203	0.0664211181562
0.6	0.0014	32	1553.40188905	0.115461274738
0.6	0.0014	33	1577.68587161	0.122240251486
0.6	0.0014	34	1688.09827125	0.0835100015229
0.6	0.0014	35	1703.76989709	0.120575050967
0.6	0.0014	36	1706.14586293	0.108233671801
0.6	0.0014	37	1733.1372568	0.0799971179745
0.6	0.0014	38	1819.76551564	0.0957270354957
0.6	0.0014	39	1866.87261113	0.144650316123
0.6	0.0014	40	1836.30134179	0.142534806859
0.6	0.0014	41	1907.90251644	0.107254456764
0.6	0.0014	42	1878.85292913	0.104283425579
0.6	0.0014	43	1890.15184438	0.0826813091439
0.6	0.0014	44	1918.98688207	0.172117803381
0.6	0.0014	45	1922.44890581	0.14392827364
0.6	0.0014	46	1963.51419588	0.175763832799
0.6	0.0014	47	2050.77656268	0.133610211298
0.6	0.0014	48	2038.20808594	0.213868333577
0.6	0.0014	49	2069.16422551	0.178098950967
0.6	0.0014	50	2133.64809805	0.336518518221
0.6	0.0014	51	2182.52390838	0.278046226994
0.6	0.0014	52	2190.72455886	0.259741907422
0.6	0.0014	53	2256.12066604	0.34046227909
0.6	0.0014	54	2237.97322998	0.40967420968
0.6	0.0014	55	2280.01459716	0.440340602353
0.6	0.0014	56	2277.41138903	0.47307036973
0.6	0.0014	57	2341.23814404	0.499101288098
0.6	0.0014	58	2359.16452712	0.507482410678
0.6	0.0014	59	2317.80661339	0.492282261885
0.6	0.0014	60	2359.03950234	0.568508175071
0.6	0.0015	30	1661.03450619	0.183572940737
0.6	0.0015	31	1588.37215714	0.164106895232
0.6	0.0015	32	1554.66686502	0.159384380406
0.6	0.0015	33	1551.76522736	0.159265351593
0.6	0.0015	34	1606.77730282	0.146043900796
0.6	0.0015	35	1632.7879373	0.104732185842
0.6	0.0015	36	1671.84852389	0.0865192567841
0.6	0.0015	37	1722.58131632	0.0505732675365
0.6	0.0015	38	1782.31385013	0.0763582114767
0.6	0.0015	39	1765.51576284	0.0548264399498
0.6	0.0015	40	1827.60345524	0.0540074055236
0.6	0.0015	41	1826.04228455	0.0947800234863
0.6	0.0015	42	1861.25328106	0.119175177835
0.6	0.0015	43	1870.73665682	0.100486467596
0.6	0.0015	44	1903.33498407	0.107032793325
0.6	0.0015	45	1951.10373575	0.073896936554
0.6	0.0015	46	1974.62790408	0.13105030975
0.6	0.0015	47	2028.18616721	0.167844878845
0.6	0.0015	48	2068.579185	0.160225001063
0.6	0.0015	49	2102.50823593	0.283101218576
0.6	0.0015	50	2100.16751122	0.32551838279
0.6	0.0015	51	2187.24908494	0.25997657479
0.6	0.0015	52	2168.34490799	0.382093081939
0.6	0.0015	53	2193.24901611	0.378078834186
0.6	0.0015	54	2265.73812885	0.322024096747
0.6	0.0015	55	2225.87515852	0.434636979135
0.6	0.0015	56	2258.35009741	0.403290207544
0.6	0.0015	57	2261.12191712	0.390555396551
0.6	0.0015	58	2260.23704266	0.51345768183
0.6	0.0015	59	2292.26637723	0.50925803321
0.6	0.0015	60	2317.33606702	0.502386907097
0.6	0.0016	30	1516.4499809	0.100511145559
0.6	0.0016	31	1506.88952245	0.0864453908213
0.6	0.0016	32	1659.55172062	0.0847915135065
0.6	0.0016	33	1708.88544655	0.202837443443
0.6	0.0016	34	1603.03380396	0.168991947982
0.6	0.0016	35	1653.67562895	0.225107349416
0.6	0.0016	36	1694.20686725	0.102804263718
0.6	0.0016	37	1654.32764154	0.0597197150801
0.6	0.0016	38	1689.25946738	0.0626873799024
0.6	0.0016	39	1767.18265102	0.0424854441121
0.6	0.0016	40	1712.17501879	0.100405240353
0.6	0.0016	41	1805.12185878	0.110809414038
0.6	0.0016	42	1859.46461333	0.122390148971
0.6	0.0016	43	1862.6847616	0.0937522489475
0.6	0.0016	44	1972.12957957	0.0949223212068
0.6	0.0016	45	1915.75131788	0.173409084349
0.6	0.0016	46	1953.47331825	0.125365809837
0.6	0.0016	47	1973.03470359	0.215151667408
0.6	0.0016	48	1966.06938429	0.227929610231
0.6	0.0016	49	2028.26634593	0.254945878723
0.6	0.0016	50	2045.59160754	0.221906468417
0.6	0.0016	51	2131.57589378	0.208707252973
0.6	0.0016	52	2132.89688111	0.249799036032
0.6	0.0016	53	2128.86483189	0.264719966186
0.6	0.0016	54	2188.94846563	0.458387836305
0.6	0.0016	55	2205.68267413	0.406810524233
0.6	0.0016	56	2221.23188784	0.383318729908
0.6	0.0016	57	2269.05974942	0.433645978952
0.6	0.0016	58	2293.28307798	0.521159647111
0.6	0.0016	59	2301.25416637	0.547202161262
0.6	0.0016	60	2310.9501528	0.545533602723
0.6	0.0017	30	1544.24833466	0.208671486806
0.6	0.0017	31	1551.98633715	0.23326986977
0.6	0.0017	32	1576.8397276	0.146696124272
0.6	0.0017	33	1590.76371867	0.106805885501
0.6	0.0017	34	1594.14171502	0.23384868738
0.6	0.0017	35	1746.97218134	0.210327719592
0.6	0.0017	36	1653.94273997	0.147470973029
0.6	0.0017	37	1722.23138069	0.232212795948
0.6	0.0017	38	1717.94114537	0.222928043006
0.6	0.0017	39	1747.76341477	0.0552209642978
0.6	0.0017	40	1716.80012106	0.0798810259922
0.6	0.0017	41	1788.77405136	0.0719107189347
0.6	0.0017	42	1844.66563042	0.0695165302463
0.6	0.0017	43	1862.88973266	0.11540464906
0.6	0.0017	44	1878.9109467	0.088990541866
0.6	0.0017	45	1912.66725842	0.174145903365
0.6	0.0017	46	1975.51958825	0.165642148369
0.6	0.0017	47	1908.20452139	0.12728666056
0.6	0.0017	48	2024.1574831	0.142069165454
0.6	0.0017	49	2025.52709181	0.206054085889
0.6	0.0017	50	2058.3735938	0.211614994825
0.6	0.0017	51	2043.63094728	0.314096148622
0.6	0.0017	52	2071.57564071	0.307237391115
0.6	0.0017	53	2214.98526419	0.26843298155
0.6	0.0017	54	2186.85911314	0.272553808813
0.6	0.0017	55	2177.69542002	0.328615276943
0.6	0.0017	56	2212.99785129	0.368995645597
0.6	0.0017	57	2233.81233187	0.358626032927
0.6	0.0017	58	2292.629893	0.289678383432
0.6	0.0017	59	2310.1938428	0.36560811134
0.6	0.0017	60	2281.47329926	0.458761507826
0.6	0.0018	30	1566.11066944	0.173517740084
0.6	0.0018	31	1447.07621646	0.165604180223
0.6	0.0018	32	1432.03873576	0.107992369903
0.6	0.0018	33	1550.53576602	0.162947959698
0.6	0.0018	34	1553.83095306	0.0813521062048
0.6	0.0018	35	1630.86434115	0.12054056804
0.6	0.0018	36	1593.31946349	0.093874584234
0.6	0.0018	37	1734.78709129	0.159414783399
0.6	0.0018	38	1668.90716705	0.063045098277
0.6	0.0018	39	1810.02876913	0.0565739426632
0.6	0.0018	40	1776.33818214	0.110268658812
0.6	0.0018	41	1841.30633044	0.0750516774087
0.6	0.0018	42	1857.83912367	0.0620969847942
0.6	0.0018	43	1966.89039603	0.0681554517347
0.6	0.0018	44	1939.04341997	0.0535122606578
0.6	0.0018	45	1981.00427517	0.11069336574
0.6	0.0018	46	1993.74578606	0.0649791405936
0.6	0.0018	47	2002.74116346	0.153231612078
0.6	0.0018	48	1972.51192834	0.114738152867
0.6	0.0018	49	2010.40940195	0.19197096468
0.6	0.0018	50	2077.36121163	0.231756634433
0.6	0.0018	51	2077.17869022	0.186680190608
0.6	0.0018	52	2111.22604468	0.264698097929
0.6	0.0018	53	2115.41374705	0.325970259787
0.6	0.0018	54	2150.7225234	0.302885827386
0.6	0.0018	55	2143.89738346	0.30885241241
0.6	0.0018	56	2209.6691833	0.3957641279
0.6	0.0018	57	2285.55214454	0.268576875205
0.6	0.0018	58	2260.43646399	0.345963119171
0.6	0.0018	59	2313.14279552	0.336144630182
0.6	0.0018	60	2401.70628518	0.450376842536
0.6	0.0019	30	1814.10897132	0.161404565894
0.6	0.0019	31	1513.91740992	0.21628478204
0.6	0.0019	32	1540.87171716	0.150184357569
0.6	0.0019	33	1698.66984359	0.250091619197
0.6	0.0019	34	1554.79481498	0.0711207308305
0.6	0.0019	35	1596.7567118	0.0983536887929
0.6	0.0019	36	1698.57584108	0.182682045468
0.6	0.0019	37	1680.14894712	0.186531408412
0.6	0.0019	38	1726.15575296	0.0786516864855
0.6	0.0019	39	1703.49681339	0.0733335856935
0.6	0.0019	40	1753.6571891	0.110642228848
0.6	0.0019	41	1767.1725891	0.0821288692334
0.6	0.0019	42	1838.69316048	0.107675595038
0.6	0.0019	43	1858.62547432	0.154895501039
